{
  "chunk_count": 937,
  "probabilities": [
    0.017522633,
    0.011874199,
    0.0081012845,
    0.008365065,
    0.0102126,
    0.010179669,
    0.00916484,
    0.008613557,
    0.007706076,
    0.007329762,
    0.0076663494,
    0.008200288,
    0.008330792,
    0.008463532,
    0.008114755,
    0.0068396926,
    0.006959945,
    0.007158637,
    0.007663071,
    0.0062561333,
    0.005162239,
    0.0052925646,
    0.0057708025,
    0.0059806705,
    0.007236302,
    0.0062638223,
    0.005840957,
    0.005028963,
    0.0043031275,
    0.006005287,
    0.0069669485,
    0.005771011,
    0.005594015,
    0.0091121495,
    0.010925531,
    0.007409811,
    0.0053625107,
    0.0041932166,
    0.00349468,
    0.0028956532,
    0.0028109252,
    0.0026513636,
    0.0026552975,
    0.003837496,
    0.0034514666,
    0.0031802356,
    0.0025348663,
    0.0025202334,
    0.0027948022,
    0.0024916232,
    0.0027841628,
    0.0027083755,
    0.0022529066,
    0.0020086467,
    0.0022161305,
    0.0023959577,
    0.0028295815,
    0.0029098392,
    0.003079921,
    0.003088951,
    0.0028613508,
    0.0030043125,
    0.0025211275,
    0.0025366843,
    0.0028235316,
    0.0022378862,
    0.0020975173,
    0.002463758,
    0.0025768578,
    0.0025627315,
    0.002225697,
    0.0023842156,
    0.002416104,
    0.0032821596,
    0.075357884,
    0.3278386,
    0.25680637,
    0.243622,
    0.23380154,
    0.15584323,
    0.15408492,
    0.16665691,
    0.16586408,
    0.12661639,
    0.15487543,
    0.11930904,
    0.06879842,
    0.042770684,
    0.031315684,
    0.030897439,
    0.024971813,
    0.020521581,
    0.016694516,
    0.013122052,
    0.011072546,
    0.008555949,
    0.0072605014,
    0.0064105093,
    0.0063483417,
    0.0067418516,
    0.0049778223,
    0.0039612353,
    0.0039438903,
    0.0029598773,
    0.0027002096,
    0.003174156,
    0.002626568,
    0.0023943782,
    0.0021613836,
    0.001984924,
    0.0016237497,
    0.0014256537,
    0.0013307929,
    0.0014208257,
    0.0013204813,
    0.0014412105,
    0.0031788647,
    0.009462208,
    0.007325411,
    0.0057257414,
    0.0045937,
    0.0044007003,
    0.0043605864,
    0.0025989711,
    0.0049039423,
    0.0030594766,
    0.001994431,
    0.0015247464,
    0.0012870431,
    0.001172185,
    0.0011723042,
    0.00094389915,
    0.00095772743,
    0.0009992123,
    0.0009108782,
    0.00078225136,
    0.0007315278,
    0.00081169605,
    0.00081163645,
    0.0007507801,
    0.0007944405,
    0.0006290376,
    0.0006020665,
    0.00073441863,
    0.00073090196,
    0.00068449974,
    0.0007353723,
    0.000751704,
    0.0007775426,
    0.00071030855,
    0.0007338524,
    0.00066551566,
    0.00059735775,
    0.00065743923,
    0.0006881356,
    0.00067934394,
    0.0006866753,
    0.00061637163,
    0.0007055998,
    0.00064483285,
    0.0006252527,
    0.00063824654,
    0.0006458461,
    0.00070494413,
    0.0007813573,
    0.0007814765,
    0.0008868575,
    0.00091439486,
    0.0009884536,
    0.0009946525,
    0.0011754334,
    0.0012699664,
    0.0011412203,
    0.0008363426,
    0.0006942153,
    0.00068229437,
    0.00077423453,
    0.000875175,
    0.00073462725,
    0.00080758333,
    0.0011771023,
    0.0012030005,
    0.0009713471,
    0.0025902987,
    0.0031997263,
    0.004502207,
    0.0031119585,
    0.0021346807,
    0.0016867816,
    0.001480639,
    0.0013935566,
    0.0012382269,
    0.0012410581,
    0.0010721385,
    0.00085929036,
    0.00082716346,
    0.00080677867,
    0.0008291304,
    0.00085940957,
    0.00072580576,
    0.000710994,
    0.0007253587,
    0.0006122589,
    0.0006123781,
    0.0005865693,
    0.00080662966,
    0.0007352233,
    0.0007582307,
    0.0021637082,
    0.0019716024,
    0.003153205,
    0.14422268,
    0.727105,
    0.9086423,
    0.94382596,
    0.9067626,
    0.7952478,
    0.6667995,
    0.6756047,
    0.6474567,
    0.70431125,
    0.82386464,
    0.8431294,
    0.6811819,
    0.41149005,
    0.17007479,
    0.09102103,
    0.05072874,
    0.030647665,
    0.023028255,
    0.016457379,
    0.012929022,
    0.012848437,
    0.036649823,
    0.021204323,
    0.016656071,
    0.013463557,
    0.06457049,
    0.043617398,
    0.7538797,
    0.9875978,
    0.9818258,
    0.9825488,
    0.998062,
    0.99649537,
    0.9947334,
    0.99500227,
    0.99304736,
    0.98821187,
    0.98634267,
    0.97594285,
    0.9634506,
    0.95476097,
    0.95767915,
    0.95923436,
    0.9458856,
    0.9469425,
    0.9406791,
    0.89077973,
    0.747526,
    0.52851933,
    0.89770365,
    0.957056,
    0.92984295,
    0.95088756,
    0.988748,
    0.9939722,
    0.991704,
    0.99118644,
    0.97910154,
    0.9520974,
    0.9734596,
    0.9865271,
    0.9784802,
    0.9752903,
    0.98439276,
    0.9849237,
    0.98014563,
    0.9846753,
    0.9935284,
    0.99273473,
    0.9900526,
    0.9928823,
    0.9921173,
    0.99288493,
    0.9952548,
    0.99339914,
    0.99623764,
    0.99665695,
    0.99642396,
    0.99667716,
    0.9979502,
    0.9983361,
    0.998,
    0.9973773,
    0.99591756,
    0.9976182,
    0.9971621,
    0.9982294,
    0.99891007,
    0.998644,
    0.9970256,
    0.9963473,
    0.9962151,
    0.99670184,
    0.9937608,
    0.9936583,
    0.99224603,
    0.9857219,
    0.9827516,
    0.9581752,
    0.99117744,
    0.99898684,
    0.9987687,
    0.99955654,
    0.9990944,
    0.9981524,
    0.99901783,
    0.9987924,
    0.999781,
    0.9997394,
    0.99942386,
    0.9975307,
    0.99846286,
    0.99976707,
    0.99975115,
    0.99948555,
    0.9994891,
    0.99873066,
    0.99944484,
    0.99978435,
    0.9996109,
    0.9993861,
    0.9986571,
    0.9958892,
    0.99179333,
    0.9911966,
    0.9898,
    0.9918704,
    0.9930568,
    0.9983506,
    0.9982174,
    0.9990088,
    0.99881464,
    0.998414,
    0.9982547,
    0.9979975,
    0.9980771,
    0.9952558,
    0.9880894,
    0.99107194,
    0.99693847,
    0.998106,
    0.9990107,
    0.9990922,
    0.99128604,
    0.947896,
    0.99098563,
    0.99736273,
    0.9965764,
    0.9967804,
    0.99756134,
    0.997836,
    0.9879075,
    0.8675488,
    0.47779924,
    0.6980506,
    0.99773514,
    0.9990717,
    0.9994077,
    0.9993293,
    0.99925065,
    0.9990116,
    0.9990305,
    0.9995842,
    0.9995268,
    0.99952805,
    0.99969125,
    0.9993669,
    0.9992064,
    0.998716,
    0.9995314,
    0.99926484,
    0.9945921,
    0.99949217,
    0.9994894,
    0.99906886,
    0.9995793,
    0.99948424,
    0.9974836,
    0.9745984,
    0.9877883,
    0.99907374,
    0.99972296,
    0.9995391,
    0.9940618,
    0.9976096,
    0.9989165,
    0.99913704,
    0.99958754,
    0.9995202,
    0.99741817,
    0.99889815,
    0.9996544,
    0.9995682,
    0.9995774,
    0.999785,
    0.999868,
    0.99988496,
    0.99985623,
    0.99968636,
    0.9995022,
    0.99943423,
    0.99947786,
    0.9995311,
    0.9998316,
    0.9997568,
    0.999845,
    0.9998875,
    0.99984956,
    0.9999432,
    0.9998025,
    0.99934095,
    0.9991784,
    0.9991611,
    0.9968353,
    0.9995184,
    0.999944,
    0.9999672,
    0.9999157,
    0.9998305,
    0.9997393,
    0.9998039,
    0.9999033,
    0.99989736,
    0.99908984,
    0.9996584,
    0.9998112,
    0.9996146,
    0.99949336,
    0.999496,
    0.9993916,
    0.9991344,
    0.9988396,
    0.9994552,
    0.9988762,
    0.99788624,
    0.9987601,
    0.99940634,
    0.99698627,
    0.99581534,
    0.9885462,
    0.99061453,
    0.99703085,
    0.99778235,
    0.9933705,
    0.99345195,
    0.9976471,
    0.99896514,
    0.9996777,
    0.99976856,
    0.9996406,
    0.9983343,
    0.996607,
    0.99711406,
    0.99994576,
    0.99995995,
    0.9998816,
    0.9998317,
    0.9997954,
    0.9997591,
    0.99977386,
    0.99976015,
    0.9994192,
    0.9989893,
    0.9990172,
    0.9989675,
    0.99900734,
    0.99878347,
    0.99813366,
    0.99860716,
    0.99670315,
    0.99728334,
    0.99822783,
    0.9994273,
