{
  "sample_count": 358208,
  "rms_energy": 0.0005238845,
  "peak_amplitude": 0.023957327,
  "zero_crossing_rate": 0.14782235,
  "spectral_centroid": 747.8889,
  "band_energy_low": 0.0010475434,
  "band_energy_mid": 0.0001100303,
  "band_energy_high": 0.0001380912
}
